"45ac7043-7f5e-4f37-92f2-3874aaaef2de",,""Language"",""Language"",
"e9f8cdb7-6819-44e8-95d3-e2d0690c3523",,"eng","English","eng","en","eng"
"b3ad88e2-0080-466f-9bf4-b01ba4122563",,"aar","Afar","aar","aa","aar"
"0888079f-587e-4c3b-af63-97990e27c368",,"abk","Abkhazian","abk","ab","abk"
"15c94e31-6bd2-4a42-92a7-59ec7fe2eb93",,"ace","Achinese","ace","","ace"
"7d54e491-bda0-4b10-9cf8-285e020782ad",,"ach","Acoli","ach","","ach"
"55b079b1-be19-43fc-8827-cb71b373862f",,"ada","Adangme","ada","","ada"
"1a083800-0add-464e-8db3-618ec96c620b",,"ady","Adyghe; Adygei","ady","","ady"
"f85f8fcd-eb10-41bd-b296-22bb4aa25147",,"afa","Afro-Asiatic (Other)","afa","","afa"
"eda7677e-2041-4c2b-b84b-43c88d21ef7b",,"afh","Afrihili","afh","","afh"
"b604349f-2bc0-44f5-92dd-a66dba3fe055",,"afr","Afrikaans","afr","af","afr"
"7bebf196-0b7a-4d9b-92c6-a698b9407b7e",,"ain","Ainu","ain","","ain"
"c462c732-aa55-423b-96a9-c43bf10d53b3",,"aka","Akan","aka","ak","aka"
"5f08f9a9-81f7-4613-935a-2be7713f8428",,"akk","Akkadian","akk","","akk"
"ecfa8b2e-2517-4974-8431-b64b67fa5cda",,"alb","Albanian","alb","sq","alb"
"3241952f-d366-43c3-8817-57452c7a09e7",,"ale","Aleut","ale","","ale"
"2d318a92-1e48-458e-b0cd-28165ee95cde",,"alg","Algonquian languages","alg","","alg"
"4f6854d1-f650-4278-9f9e-2c41d9866852",,"alt","Southern Altai","alt","","alt"
"1a4d87e6-ac4c-43ec-a4fb-452a19347684",,"amh","Amharic","amh","am","amh"
"9e433e6b-044e-49d0-8b87-87af9e249e04",,"ang","English, Old (ca.450-1100)","ang","","ang"
"86b14ab7-2989-4448-b23b-0c6185281732",,"anp","Angika","anp","","anp"
"d8bcbc07-f7af-439c-8ad9-89aada5898fb",,"apa","Apache languages","apa","","apa"
"4d3ec2eb-536f-4aab-81c5-34e37a3edbba",,"ara","Arabic","ara","ar","ara"
"00d6849c-fe18-4b60-98b2-403f376ba884",,"arc","Official Aramaic (700-300 BCE); Imperial Aramaic (700-300 BCE)","arc","","arc"
"01ea9821-6ccc-4547-bc0a-9bff15be7f98",,"arg","Aragonese","arg","an","arg"
"7a0fde13-26e9-4382-a5c9-5640fc2b3334",,"arm","Armenian","arm","hy","arm"
"27dab6b2-23c2-4101-bd6c-9980d09939d3",,"arn","Mapudungun; Mapuche","arn","","arn"
"4b8ae63d-0078-4454-95a6-2248c025d8a5",,"arp","Arapaho","arp","","arp"
"79c5e0f8-7abf-4ca0-9d35-59a2448b9fc8",,"art","Artificial (Other)","art","","art"
"1ea1a358-539a-4b2a-a5fe-2e184f272c6a",,"arw","Arawak","arw","","arw"
"efe01e0d-8c64-4613-b1dd-b696cb809bc3",,"asm","Assamese","asm","as","asm"
"a03f2fe0-9a5b-4498-a45d-d52c5ae8034a",,"ast","Asturian; Bable; Leonese; Asturleonese","ast","","ast"
"5bc5c0dc-47cf-426b-bd81-743dc55ca0e5",,"ath","Athapascan languages","ath","","ath"
"14056109-b3df-45a2-a3bb-7f6760ce692d",,"aus","Australian languages","aus","","aus"
"d7e8d6f1-9ded-4984-a5e6-2cd87734cfa1",,"ava","Avaric","ava","av","ava"
"6ab9eb02-55d9-42f5-8b50-c7dfba9a19d7",,"ave","Avestan","ave","ae","ave"
"353409b1-30f1-4d34-b1c0-cf024d49c69e",,"awa","Awadhi","awa","","awa"
"a63a0463-5d91-46fc-b62e-be4308178b64",,"aym","Aymara","aym","ay","aym"
"2fc29072-908d-4bd3-b12f-cd2587ab8d75",,"aze","Azerbaijani","aze","az","aze"
"008bde55-5aad-4d9c-98be-29d2cae5ec4c",,"bad","Banda languages","bad","","bad"
"c054f189-c54c-4fb8-b797-72691ec42ec1",,"bai","Bamileke languages","bai","","bai"
"f998ead1-6619-4993-8c11-e41d6119d31a",,"bak","Bashkir","bak","ba","bak"
"364ffc64-7248-4ad6-acdd-35daded04819",,"bal","Baluchi","bal","","bal"
"8688cf91-11fe-4395-a7f8-bf22017d99d8",,"bam","Bambara","bam","bm","bam"
"3c483fd1-07b7-4144-8b27-bba27a03e96e",,"ban","Balinese","ban","","ban"
"d9ed469d-9a2d-42e2-b23d-a09cdd8b53c5",,"baq","Basque","baq","eu","baq"
"45ee4d82-3561-4095-bae0-c054383c651f",,"bas","Basa","bas","","bas"
"49698678-dc5e-45d8-afb2-09f57d27e176",,"bat","Baltic (Other)","bat","","bat"
"d1c3e5ef-31f0-42b8-8220-65e667fef638",,"bej","Beja; Bedawiyet","bej","","bej"
"6dbc6679-c2bb-43bb-9c22-c1c4097c14f0",,"bel","Belarusian","bel","be","bel"
"4bde6eea-75b8-4fd1-9b8f-59221a953487",,"bem","Bemba","bem","","bem"
"873e34fd-8f43-4df0-a8cc-03f0666262c2",,"ben","Bengali","ben","bn","ben"
"e25fbf49-c4a1-4c98-944c-3999d3dc9b51",,"ber","Berber (Other)","ber","","ber"
"4fb5c849-a07a-4a5c-9886-4d957605d600",,"bho","Bhojpuri","bho","","bho"
"6720fbd6-7668-418e-8d48-a1bfe2f56ac9",,"bih","Bihari","bih","bh","bih"
"dc4f5a15-8b94-47d4-bd3e-22c8b79e22af",,"bik","Bikol","bik","","bik"
"2b024ede-442e-4915-9cce-9e61fa0f3574",,"bin","Bini; Edo","bin","","bin"
"84633f7a-7dc6-41bf-a5c3-2882e691c974",,"bis","Bislama","bis","bi","bis"
"876ed782-f285-4395-b4d9-c8871a18e822",,"bla","Siksika","bla","","bla"
"8b4f894a-dac4-4a0a-957c-6ca9c5081672",,"bnt","Bantu (Other)","bnt","","bnt"
"e7e7f3c6-68b4-42aa-a7ce-e3748ecd504e",,"bos","Bosnian","bos","bs","bos"
"374814fe-1c3d-46aa-9a95-e8d5fe7108e8",,"bra","Braj","bra","","bra"
"7cafd5d8-b61d-4942-b9c9-c2dcadefb22c",,"bre","Breton","bre","br","bre"
"4c6285d7-befc-4329-b27f-3a213969c9cf",,"btk","Batak languages","btk","","btk"
"beb5c17f-d561-40ca-8ed9-4a643ea10f63",,"bua","Buriat","bua","","bua"
"bce6190e-f45b-43bf-bc99-ca527b1d2598",,"bug","Buginese","bug","","bug"
"6a3409a6-4804-4b6f-9efb-179003523e11",,"bul","Bulgarian","bul","bg","bul"
"2eee09b8-57eb-4087-9538-7bf4e8312594",,"bur","Burmese","bur","my","bur"
"32e8a660-ad9d-4402-ac2a-7c2c545a94f6",,"byn","Blin; Bilin","byn","","byn"
"cceeeeba-158f-4b18-916a-a329cb03414e",,"cad","Caddo","cad","","cad"
"15f73328-e7ad-4a6b-a31e-6477bd978e87",,"cai","Central American Indian (Other)","cai","","cai"
"f3964fe0-7625-431f-8155-b646d1671b44",,"car","Galibi Carib","car","","car"
"45d05a7a-ee78-462c-a177-6fd743cf4d03",,"cat","Catalan; Valencian","cat","ca","cat"
"f6d6297f-00c4-4833-8f7b-001d2c3418e5",,"cau","Caucasian (Other)","cau","","cau"
"394994b3-576a-484d-a57f-e207deece4c8",,"ceb","Cebuano","ceb","","ceb"
"ddb2fe99-1841-49ac-9686-0149771f0887",,"cel","Celtic (Other)","cel","","cel"
"6b7505cc-4a1e-47be-8374-8612deaba8e7",,"cha","Chamorro","cha","ch","cha"
"5731c457-580c-4543-a227-b0ca0c0b9d0e",,"chb","Chibcha","chb","","chb"
"569d40d8-5c04-4b0a-8606-61fd91d498b5",,"che","Chechen","che","ce","che"
"4c2cfc13-efbb-4aa1-88b5-960adc8c29a0",,"chg","Chagatai","chg","","chg"
"a9fc2782-5b2a-466f-b9c3-64d9ca6614c4",,"chi","Chinese","chi","zh","chi"
"f5199701-8265-492f-bbce-5d545642120d",,"chk","Chuukese","chk","","chk"
"f5a3dd7e-d3ff-4db2-8213-5fb36faad4e6",,"chm","Mari","chm","","chm"
"c8e3e73c-fb9b-44e2-8bb3-7c91cd423b40",,"chn","Chinook jargon","chn","","chn"
"3b3fd5bd-009a-401a-8136-9a6c0c2705d0",,"cho","Choctaw","cho","","cho"
"13ef4b98-3a37-4bed-9bee-96d3a10eed02",,"chp","Chipewyan; Dene Suline","chp","","chp"
"617cb541-33a5-43ee-85fa-01823c1f1007",,"chr","Cherokee","chr","","chr"
"e1997c20-90c7-4b7a-a7c3-b75f9cff6aeb",,"chu","Church Slavic; Old Slavonic; Church Slavonic; Old Bulgarian; Old Church Slavonic","chu","cu","chu"
"514ab40c-1fa9-44ba-8af0-f432a20305fe",,"chv","Chuvash","chv","cv","chv"
"0a3dc1c3-cade-473d-ac58-2777fc31078d",,"chy","Cheyenne","chy","","chy"
"076909b8-88f0-4341-921a-380a9f24c63b",,"cmc","Chamic languages","cmc","","cmc"
"af13a51b-3d91-4978-80db-985e4f9aefdd",,"cop","Coptic","cop","","cop"
"110474af-7886-4a36-9299-73871ce14efa",,"cor","Cornish","cor","kw","cor"
"2f57ca56-69fe-4713-88d2-2d0d3744bf81",,"cos","Corsican","cos","co","cos"
"c2412f89-94ec-4cec-b75b-218d6202138e",,"cpe","Creoles and pidgins, English based (Other)","cpe","","cpe"
"ee8e984e-03d5-4aa7-aa52-95b014b2c7a2",,"cpf","Creoles and pidgins, French-based (Other)","cpf","","cpf"
"35a5f90e-ea2d-4bf4-8a09-7b00a35b61bb",,"cpp","Creoles and pidgins, Portuguese-based (Other)","cpp","","cpp"
"7f822594-8e97-456b-8e47-a421f557f222",,"cre","Cree","cre","cr","cre"
"6574b007-bc42-4ee2-9051-de3d2655578f",,"crh","Crimean Tatar; Crimean Turkish","crh","","crh"
"296a223d-1705-4504-aff2-8cbc56ee9187",,"crp","Creoles and pidgins (Other)","crp","","crp"
"82c34ba6-a4ff-448b-a195-f56b31d6d824",,"csb","Kashubian","csb","","csb"
"875dd186-fdfa-4b1e-af26-d03e736a8757",,"cus","Cushitic (Other)","cus","","cus"
"ba95f29b-f11c-4d79-9973-6de75087c7b3",,"cze","Czech","cze","cs","cze"
"36f105eb-466b-45e9-a182-3887736d5f86",,"dak","Dakota","dak","","dak"
"45e52b16-61b0-4b86-92ba-7f290dbb39b3",,"dan","Danish","dan","da","dan"
"93c45f3f-4bf9-4732-a1fe-da32d28cd4a2",,"dar","Dargwa","dar","","dar"
"f86fb9c0-2557-4457-8c5f-85629361dfaa",,"day","Land Dayak languages","day","","day"
"4c8f21cf-b84b-4ce2-a1e5-755e6c9762a7",,"del","Delaware","del","","del"
"e2769990-9f04-45fc-974b-ef4d8f77ec86",,"den","Slave (Athapascan)","den","","den"
"6a32c3a0-11b7-450c-8da6-f06ed18d17d3",,"dgr","Dogrib","dgr","","dgr"
"40704577-d65a-46de-8393-5aabc9a510e1",,"din","Dinka","din","","din"
"fb78fb2e-2c98-461c-9b7c-9cc08f85a221",,"div","Divehi; Dhivehi; Maldivian","div","dv","div"
"39c5ae60-ace7-4525-a85b-47edb11f5de6",,"doi","Dogri","doi","","doi"
"3ffb59ff-d558-48f5-bec1-03fee76737f7",,"dra","Dravidian (Other)","dra","","dra"
"f6dfb41f-c6c1-4d21-a51c-0fbd7cee2dff",,"dsb","Lower Sorbian","dsb","","dsb"
"bbfffd3e-eada-4c2d-8824-b426cdd82ee6",,"dua","Duala","dua","","dua"
"2b53c222-7752-4943-a366-35b9818f794c",,"dum","Dutch, Middle (ca.1050-1350)","dum","","dum"
"9965d79a-acf9-4921-a2c0-863b8c16c056",,"dut","Dutch; Flemish","dut","nl","dut"
"ac6431db-b89f-445e-8b4c-c9835142bce7",,"dyu","Dyula","dyu","","dyu"
"b049c1c1-ddb5-48f3-ad7a-c6aeb1cb1432",,"dzo","Dzongkha","dzo","dz","dzo"
"627d5b24-121d-4d97-b531-d4ff26ea9f54",,"efi","Efik","efi","","efi"
"0901686b-fcab-45df-ae09-b8bf86d64ce6",,"egy","Egyptian (Ancient)","egy","","egy"
"67f01415-52d8-4a86-86eb-484fdb0606b8",,"eka","Ekajuk","eka","","eka"
"4fed61b5-fef3-4e4c-8a45-360645a3b504",,"elx","Elamite","elx","","elx"
"a3a2fc60-9f74-45e0-a97a-6737576071ef",,"enm","English, Middle (1100-1500)","enm","","enm"
"38060cd9-8d47-4a61-bf33-333583c8fef1",,"epo","Esperanto","epo","eo","epo"
"4fb12988-754d-430e-9840-561a258bb3e9",,"est","Estonian","est","et","est"
"b11d3bd9-daab-4399-b289-e6f0e2a0ec29",,"ewe","Ewe","ewe","ee","ewe"
"18f56fec-fa36-4317-853b-0b574df05efc",,"ewo","Ewondo","ewo","","ewo"
"fefaa178-65ff-4add-bddf-c89be78fa5a8",,"fan","Fang","fan","","fan"
"64e01a12-06d5-44a4-8a83-52c7762e3d92",,"fao","Faroese","fao","fo","fao"
"5f2f0f6e-82ff-4c67-918a-a433ecaa2f04",,"fat","Fanti","fat","","fat"
"6355af54-4be2-40a3-a417-83921fb70dc7",,"fij","Fijian","fij","fj","fij"
"c82767ce-1623-4e86-a999-3f9baff8ace4",,"fil","Filipino; Pilipino","fil","","fil"
"4606abdf-6dbe-4bfe-b3da-a1fa08f2f1e2",,"fin","Finnish","fin","fi","fin"
"e4fd3d5d-7715-4736-b4db-73ac8b129ddf",,"fiu","Finno-Ugrian (Other)","fiu","","fiu"
"61cb4280-42d1-4fa0-92bf-fe7cf02c66d3",,"fon","Fon","fon","","fon"
"7759a1d8-a5ea-454a-8c93-1dcfaae8cc21",,"fre","French","fre","fr","fre"
"bc2b8d06-94f8-4ddb-a4ad-769105868b73",,"frm","French, Middle (ca.1400-1600)","frm","","frm"
"27bd4b8b-07d0-425c-a843-61588c140f68",,"fro","French, Old (842-ca.1400)","fro","","fro"
"f5977654-d71b-4ff1-96cb-d2130e978aef",,"frr","Northern Frisian","frr","","frr"
"0beb31ca-2479-47c7-b557-bd44dc620f16",,"frs","Eastern Frisian","frs","","frs"
"1b171828-16da-45ea-bfd9-5bf236481920",,"fry","Western Frisian","fry","fy","fry"
"0c27960e-1ba6-4b56-8429-c44334251653",,"ful","Fulah","ful","ff","ful"
"65cb508a-c974-4417-8509-f199c0e074b9",,"fur","Friulian","fur","","fur"
"0ddc00b2-b3ef-4074-a2c7-4b969dcd8e8e",,"gaa","Ga","gaa","","gaa"
"984b3d84-61f2-455a-9924-15f86f89dfb1",,"gay","Gayo","gay","","gay"
"f8fb14ee-eb4e-49fa-b439-ed5deac59daa",,"gba","Gbaya","gba","","gba"
"d32011e1-faf8-4310-80b1-a79476a8cecc",,"gem","Germanic (Other)","gem","","gem"
"fb64b07c-c079-4fda-a803-212a0beca61b",,"geo","Georgian","geo","ka","geo"
"d1131746-e58b-4e80-a865-f5182c9c3073",,"ger","German","ger","de","ger"
"f42c6f52-1a3c-4965-8dfa-2c828463741c",,"gez","Geez","gez","","gez"
"b20fa600-5b9b-4714-8dcd-51275a6e1ab0",,"gil","Gilbertese","gil","","gil"
"b5d99800-b40b-4e3d-ada9-610475ffa68b",,"gla","Gaelic; Scottish Gaelic","gla","gd","gla"
"11659dd0-9feb-447d-8144-c4c18f834450",,"gle","Irish","gle","ga","gle"
"a29e944f-162f-46c1-bea9-3e472c5d5b48",,"glg","Galician","glg","gl","glg"
"a27c3cb8-8913-45f9-99a3-f3770a258f70",,"glv","Manx","glv","gv","glv"
"d37af6b4-3740-4190-800c-0e28bb0c10bf",,"gmh","German, Middle High (ca.1050-1500)","gmh","","gmh"
"088a4d6a-e048-4299-be2c-15425b2827cf",,"goh","German, Old High (ca.750-1050)","goh","","goh"
"49cb27e4-bd94-422e-9a9a-26b5b05371d7",,"gon","Gondi","gon","","gon"
"a50a5d26-8786-4549-99c1-b4280fd713a1",,"gor","Gorontalo","gor","","gor"
"64ebceaa-4aa8-48a2-ae9a-95c862c37a50",,"got","Gothic","got","","got"
"6503a6bb-497c-4712-b18d-38c8898c3b77",,"grb","Grebo","grb","","grb"
"7330bcfc-0b4c-4c96-b3f8-4585fde000f5",,"grc","Greek, Ancient (to 1453)","grc","","grc"
"1b48a41b-cbf3-4041-b567-4782c854b41e",,"gre","Greek, Modern (1453-)","gre","el","gre"
"40d9eb34-361f-42d9-a6b3-70a512608bd3",,"grn","Guarani","grn","gn","grn"
"e8a2f6b2-8f34-4514-8771-5a3ec93d2468",,"gsw","Swiss German; Alemannic","gsw","","gsw"
"929c554c-03be-4327-86e1-8175b01a8995",,"guj","Gujarati","guj","gu","guj"
"1f3440d4-0a36-4a04-9694-259a64275934",,"gwi","Gwich'in","gwi","","gwi"
"c7bef5c5-6fb6-4fd2-b464-fed4f052adcb",,"hai","Haida","hai","","hai"
"ce883d86-d6e9-427e-b79d-52b4df25d451",,"hat","Haitian; Haitian Creole","hat","ht","hat"
"b7ef8288-c37b-436f-a144-e4e50d66f919",,"hau","Hausa","hau","ha","hau"
"35ef668e-daea-45a7-909b-2e2ac08eff46",,"haw","Hawaiian","haw","","haw"
"ecd35102-7cdd-4809-9261-4aa272d8051e",,"heb","Hebrew","heb","he","heb"
"845634a3-153e-4534-8362-ff087210b625",,"her","Herero","her","hz","her"
"d051c901-fc8c-4a72-bffb-a9a7ca8f5cc4",,"hil","Hiligaynon","hil","","hil"
"31244589-2ac5-4b61-be85-2cea16991204",,"him","Himachali","him","","him"
"0a1d9d1d-135d-4575-b172-669b51673c39",,"hin","Hindi","hin","hi","hin"
"0532c7c2-5c49-4730-ba7d-0512036a36ac",,"hit","Hittite","hit","","hit"
"fc81a52e-6e94-4f97-83dd-f179208a6592",,"hmn","Hmong","hmn","","hmn"
"a7b014f9-683b-46c4-8365-b08d7a9a5759",,"hmo","Hiri Motu","hmo","ho","hmo"
"fb30387d-a91a-4586-a801-bd04ea4f9e47",,"hsb","Upper Sorbian","hsb","","hsb"
"f817b594-98a7-49a2-a712-94b1148a4340",,"hun","Hungarian","hun","hu","hun"
"bfbc8359-711d-430e-bfba-5e96c3a24fbb",,"hup","Hupa","hup","","hup"
"e72b4d06-a496-4e55-8c5d-093594ab8da2",,"iba","Iban","iba","","iba"
"384d5bef-e085-4408-9c9c-73499c735ecf",,"ibo","Igbo","ibo","ig","ibo"
"08ac9207-e338-46cd-aef3-3e49b7b34df9",,"ice","Icelandic","ice","is","ice"
"7e7f3bdb-3131-4428-a352-690f72196050",,"ido","Ido","ido","io","ido"
"eca9d6fc-08fa-4c43-9fbb-2348baf75d77",,"iii","Sichuan Yi; Nuosu","iii","ii","iii"
"73b8dfb4-971c-4b93-9009-75ae79dc1cba",,"ijo","Ijo languages","ijo","","ijo"
"bce2b666-d77c-4f49-a3c6-7e5cebb6cb79",,"iku","Inuktitut","iku","iu","iku"
"76af0bce-e24e-4b71-9b6a-6234d89f447e",,"ile","Interlingue; Occidental","ile","ie","ile"
"fdd6cb21-e42f-4fb4-a8c5-bb6bc0d0073b",,"ilo","Iloko","ilo","","ilo"
"72235dce-b0f2-4bbe-a400-f236cadeb86e",,"ina","Interlingua (International Auxiliary Language Association)","ina","ia","ina"
"3d1d88e7-172b-440a-b763-da26a4a11d39",,"inc","Indic (Other)","inc","","inc"
"fa367cfb-8aad-42fb-8a19-cd6582e58fd4",,"ind","Indonesian","ind","id","ind"
"407cacc3-a6f5-452e-8984-8e68a701bee8",,"ine","Indo-European (Other)","ine","","ine"
"83ea3620-caf2-4b85-8eb3-97428a73142c",,"inh","Ingush","inh","","inh"
"5d2452c1-2cee-45d7-b952-a5401b20b9f5",,"ipk","Inupiaq","ipk","ik","ipk"
"548e5159-98ce-49a8-bcce-b83f77790005",,"ira","Iranian (Other)","ira","","ira"
"465c09ba-cbce-4dab-a449-1c05094f4d2b",,"iro","Iroquoian languages","iro","","iro"
"fecbf0c7-fea9-465b-8a16-950517c5c0c4",,"ita","Italian","ita","it","ita"
"5e8ddd48-cc3f-48a8-9c1a-ec6e11409b17",,"jav","Javanese","jav","jv","jav"
"ea9a2d74-f0cc-4271-93cd-f591db4efcb7",,"jbo","Lojban","jbo","","jbo"
"6778c7fb-c195-4dc1-ae3f-164201314e51",,"jpn","Japanese","jpn","ja","jpn"
"091cc8f8-681c-4ce8-b9c4-d451fe13c024",,"jpr","Judeo-Persian","jpr","","jpr"
"2097879c-db7a-4674-a459-4a4ef3c15b54",,"jrb","Judeo-Arabic","jrb","","jrb"
"cdd10fa8-e4c9-4eab-9f53-34227846c1e0",,"kaa","Kara-Kalpak","kaa","","kaa"
"01706d2f-e221-4ade-95f2-1942d050bb94",,"kab","Kabyle","kab","","kab"
"37230e36-55f9-4ba7-a191-703ab5a5e860",,"kac","Kachin; Jingpho","kac","","kac"
"a3504321-79ed-4d5d-9cbb-9e354084055b",,"kal","Kalaallisut; Greenlandic","kal","kl","kal"
"47a2576b-44e8-4a2d-b85b-6f13dfa77467",,"kam","Kamba","kam","","kam"
"d482a3d5-5a01-458a-aa6d-da17fa4bd90f",,"kan","Kannada","kan","kn","kan"
"78dc9e98-f56a-4bca-b791-8fe159183858",,"kar","Karen languages","kar","","kar"
"d4876784-4fc9-4c56-8a72-7519186ce98c",,"kas","Kashmiri","kas","ks","kas"
"7f8f18e9-dbc4-482e-a8cc-160d58823fd6",,"kau","Kanuri","kau","kr","kau"
"53fa6337-d66c-4db5-89cd-d42555414b32",,"kaw","Kawi","kaw","","kaw"
"66f7ed40-4391-4c81-9785-539ec7c79249",,"kaz","Kazakh","kaz","kk","kaz"
"928a8b3f-baaf-4106-a8b2-8611af982fbc",,"kbd","Kabardian","kbd","","kbd"
"50a69d8b-d82e-4a71-afad-60dfcc41a5a7",,"kha","Khasi","kha","","kha"
"ae787603-3070-4298-9ca6-4cbe73378122",,"khi","Khoisan (Other)","khi","","khi"
"093412de-4e67-4413-9423-90e273408076",,"khm","Central Khmer","khm","km","khm"
"c3c6cdef-a514-4e55-8628-b8d3e67cd781",,"kho","Khotanese","kho","","kho"
"ed994d78-c442-4ea8-aede-8723a2bee717",,"kik","Kikuyu; Gikuyu","kik","ki","kik"
"53c05614-2669-4c30-93aa-217c19848eb8",,"kin","Kinyarwanda","kin","rw","kin"
"543a305e-1edb-4405-9c24-4305a187dc84",,"kir","Kirghiz; Kyrgyz","kir","ky","kir"
"b4c105cb-a53e-4734-acd8-3128ba76451b",,"kmb","Kimbundu","kmb","","kmb"
"3499eab3-428c-48a5-9c1c-f951a2d3fa40",,"kok","Konkani","kok","","kok"
"73f52d44-2fef-496a-ba6f-1315b1bb814e",,"kom","Komi","kom","kv","kom"
"b52f5fcf-16fe-4641-8e42-642d95c1da36",,"kon","Kongo","kon","kg","kon"
"c999f0da-0bb9-465b-ad52-8b48354cb591",,"kor","Korean","kor","ko","kor"
"6c081f57-acbf-4eb6-826e-8d32b5b42fe4",,"kos","Kosraean","kos","","kos"
"193637cb-cfe6-4f6f-9e15-58d7d0e9edd9",,"kpe","Kpelle","kpe","","kpe"
"e6000995-1f07-4dea-8cf6-aad23c8b513f",,"krc","Karachay-Balkar","krc","","krc"
"62ff33ff-a2e4-4cc0-bc77-477647dedec0",,"krl","Karelian","krl","","krl"
"14a934a5-de0c-4371-80f1-def859437bfb",,"kro","Kru languages","kro","","kro"
"e9f02ab1-d578-44fd-ad8e-addd938e2132",,"kru","Kurukh","kru","","kru"
"e431127a-da51-45bd-8b4e-d50068913097",,"kua","Kuanyama; Kwanyama","kua","kj","kua"
"99a4a641-f292-464e-8ef0-7480dd2e3d95",,"kum","Kumyk","kum","","kum"
"176c9e51-4106-4ac4-a3e8-19eff0969147",,"kur","Kurdish","kur","ku","kur"
"afbcfec6-22c4-4ec2-ad00-fb6381251076",,"kut","Kutenai","kut","","kut"
"d8330a9e-05fb-4e89-871c-daa8d13be847",,"lad","Ladino","lad","","lad"
"55f20809-946a-424c-8eda-f14b0e8fc6c0",,"lah","Lahnda","lah","","lah"
"34f22b78-1cfe-4f4f-a1c0-e57ea7d47ee5",,"lam","Lamba","lam","","lam"
"0b9fbbfa-b8e6-4d4d-a90d-a4988f6c3531",,"lao","Lao","lao","lo","lao"
"160a5b6c-87f5-4422-9bda-78cd404c179e",,"lat","Latin","lat","la","lat"
"173784fb-62ce-4741-b214-53cb5d297411",,"lav","Latvian","lav","lv","lav"
"4783aea1-46c0-40b3-ad02-c13157c7817d",,"lez","Lezghian","lez","","lez"
"682508f8-414a-4958-a89d-3abea3da1852",,"lim","Limburgan; Limburger; Limburgish","lim","li","lim"
"a00fc918-4d32-4974-94ed-076b1fec9798",,"lin","Lingala","lin","ln","lin"
"7c080971-7a7e-460a-a772-66790e91ac35",,"lit","Lithuanian","lit","lt","lit"
"ded2f739-586d-42ea-a1b1-5ed3e877d1be",,"lol","Mongo","lol","","lol"
"4f0d316e-df44-4f6b-b318-cc8539db9895",,"loz","Lozi","loz","","loz"
"4dd4d7bf-2e9e-4b2e-8165-5d160d32980b",,"ltz","Luxembourgish; Letzeburgesch","ltz","lb","ltz"
"4b826c59-54ec-42a2-8789-67dcffd5c8fb",,"lua","Luba-Lulua","lua","","lua"
"2a2da196-a57b-480c-a6c9-0f97f66d1ee1",,"lub","Luba-Katanga","lub","lu","lub"
"7eed96ab-e0ca-48c3-801f-023fe79097a3",,"lug","Ganda","lug","lg","lug"
"922703d9-b4c3-4643-9503-42e6b7f0fc62",,"lui","Luiseno","lui","","lui"
"cdba1ceb-868f-4672-9afe-0f63f30b60e8",,"lun","Lunda","lun","","lun"
"7d6068b3-5980-4e3e-82b0-58be20ea01b7",,"luo","Luo (Kenya and Tanzania)","luo","","luo"
"8f78143c-854a-40b3-85e7-51d9f202c7b7",,"lus","Lushai","lus","","lus"
"c23f0629-a4f6-45c7-b8c8-4916209af0dd",,"mac","Macedonian","mac","mk","mac"
"fa73c1f6-c1b1-4f8f-98a1-8bbd0aaf2f33",,"mad","Madurese","mad","","mad"
"7ea5af43-3438-4d44-abd0-e9fa298e6049",,"mag","Magahi","mag","","mag"
"960cbb52-0a61-4273-ae61-09d982c48f40",,"mah","Marshallese","mah","mh","mah"
"01ae8ef1-6918-4d3b-9453-b51ce003002a",,"mai","Maithili","mai","","mai"
"46328a2f-4042-4897-9340-009c3635adc7",,"mak","Makasar","mak","","mak"
"015a6c3b-5d22-40de-bccd-2d737978b1c2",,"mal","Malayalam","mal","ml","mal"
"3af29601-772e-4e15-8f7e-65f31e4b5427",,"man","Mandingo","man","","man"
"867fbe26-e8be-49db-b751-6e8da681a37a",,"mao","Maori","mao","mi","mao"
"c52c53b4-26b1-4bfe-8da1-eb958561dc11",,"map","Austronesian (Other)","map","","map"
"53264953-1c1f-4314-a600-c8d399505dbb",,"mar","Marathi","mar","mr","mar"
"0fb6df7f-a2c0-426f-baf6-9fe4fc6d622b",,"mas","Masai","mas","","mas"
"638c12eb-3954-4bf4-a008-6177a2f880e1",,"may","Malay","may","ms","may"
"87f46e66-852a-442e-b6b1-e3cec6a398e6",,"mdf","Moksha","mdf","","mdf"
"f87a2743-0344-4515-a5aa-145966f7ed6f",,"mdr","Mandar","mdr","","mdr"
"d311117f-45aa-4dd6-8ecb-12a9fc5654d4",,"men","Mende","men","","men"
"852da1de-8083-4047-a056-2dc1c9beb815",,"mga","Irish, Middle (900-1200)","mga","","mga"
"f529fd4c-0d3f-481b-a35c-1bf26fff80da",,"mic","Mi'kmaq; Micmac","mic","","mic"
"62528d73-3100-4814-8579-84b1825ae320",,"min","Minangkabau","min","","min"
"92f1ab72-f760-4a86-b7d6-0859c7961159",,"mis","Uncoded languages","mis","","mis"
"ca1321fb-4b3d-4e55-ade9-78a26ed71930",,"mkh","Mon-Khmer (Other)","mkh","","mkh"
"0057bec5-a596-4cbd-9876-d23cf71fee60",,"mlg","Malagasy","mlg","mg","mlg"
"c212eff2-5f02-4127-9e39-0e1daa82c075",,"mlt","Maltese","mlt","mt","mlt"
"32f7628f-6142-46b2-bc6b-d1381de48eec",,"mnc","Manchu","mnc","","mnc"
"cc5c315b-096c-4fc3-a81f-7d404378576c",,"mni","Manipuri","mni","","mni"
"7131c3ae-33e2-4983-b7d9-1d7bfb481f6b",,"mno","Manobo languages","mno","","mno"
"da124f07-db02-47b9-b699-df08142a3d3c",,"moh","Mohawk","moh","","moh"
"fe22c65f-3bd7-491c-a067-c2ab111adf29",,"mol","Moldavian","mol","mo","mol"
"93261622-1e2a-42a3-b10d-eb3f19262ba3",,"mon","Mongolian","mon","mn","mon"
"555a247e-05d3-4bb1-b497-d4ecf3dea075",,"mos","Mossi","mos","","mos"
"052b0c83-456b-4592-b0c7-58318dbdb34a",,"mul","Multiple languages","mul","","mul"
"2feb1694-8fd2-4746-b1d0-8f8c6233be58",,"mun","Munda languages","mun","","mun"
"2ee4a0f9-2a46-429c-aec7-fc10c2567da1",,"mus","Creek","mus","","mus"
"2d69695f-a114-4415-b6e8-5248bba8853c",,"mwl","Mirandese","mwl","","mwl"
"4824b8e7-c283-43c2-ac98-d986e0e12893",,"mwr","Marwari","mwr","","mwr"
"17c38fb4-2acc-4cfc-a0d1-83772410c161",,"myn","Mayan languages","myn","","myn"
"a78f236f-8fbf-4788-86ed-80fecc3e0fe6",,"myv","Erzya","myv","","myv"
"de64fb4d-9bb7-494f-973d-90a91338e3e2",,"nah","Nahuatl languages","nah","","nah"
"dad6f73d-69fb-4006-8626-51710ab3a6b6",,"nai","North American Indian","nai","","nai"
"3f53b130-6da7-45a2-8bb1-cb7d53f59d1d",,"nap","Neapolitan","nap","","nap"
"3eb63458-aa52-41d6-8abc-173ad217d7e2",,"nau","Nauru","nau","na","nau"
"1a05e1fe-49d4-44bb-a143-70df32606124",,"nav","Navajo; Navaho","nav","nv","nav"
"ab1ad6e6-3ad8-4aa0-9fa5-e817240ce215",,"nbl","Ndebele, South; South Ndebele","nbl","nr","nbl"
"6d50329c-f53e-48c7-808c-562ddd5998bb",,"nde","Ndebele, North; North Ndebele","nde","nd","nde"
"2cf61318-c2ef-4aaf-b9bc-5317c291d8fa",,"ndo","Ndonga","ndo","ng","ndo"
"5c74671f-2e73-469d-9818-d1f098b200d4",,"nds","Low German; Low Saxon; German, Low; Saxon, Low","nds","","nds"
"b8d0e46b-fc62-471c-aaee-e2580e60439b",,"nep","Nepali","nep","ne","nep"
"3f362e1d-eb8f-40dd-afb5-3884224bbd48",,"new","Nepal Bhasa; Newari","new","","new"
"5d81b61c-7891-4423-8f8f-5b1d89b28e42",,"nia","Nias","nia","","nia"
"a3161d26-b1bb-4efe-943c-96d1eb1d1984",,"nic","Niger-Kordofanian (Other)","nic","","nic"
"c8a8a134-32bc-48c0-829f-1dd811866888",,"niu","Niuean","niu","","niu"
"abc32d6e-f8cd-4218-8921-8713160cb0a4",,"nno","Norwegian Nynorsk; Nynorsk, Norwegian","nno","nn","nno"
"efae63c3-f627-47a4-9e2d-8d5924662d1f",,"nob","Bokmål, Norwegian; Norwegian Bokmål","nob","nb","nob"
"9da86f92-895b-4c9a-bec3-9591d002b278",,"nog","Nogai","nog","","nog"
"005f5fa5-ed4b-445f-9b8a-16662485462d",,"non","Norse, Old","non","","non"
"1ea2f3c9-dde4-4e1e-a9fc-675dc378091c",,"nor","Norwegian","nor","no","nor"
"f8adeec5-80e3-4945-a1c8-2e7f0ca6ffd7",,"nqo","N'Ko","nqo","","nqo"
"dc5a1a59-7b4e-41b8-9aa6-182eca2d8778",,"nso","Pedi; Sepedi; Northern Sotho","nso","","nso"
"29cc1f21-8945-47e6-8d23-bfa1878d3bf0",,"nub","Nubian languages","nub","","nub"
"aaae2afe-0a27-4aac-a53c-c0efdb9b00f9",,"nwc","Classical Newari; Old Newari; Classical Nepal Bhasa","nwc","","nwc"
"17c29acf-96d3-484c-8285-2861fdbdb2f3",,"nya","Chichewa; Chewa; Nyanja","nya","ny","nya"
"bd5b4edb-271d-4b3c-b22c-9d53cbc5a829",,"nym","Nyamwezi","nym","","nym"
"df2a640f-461a-4152-927e-9e55aa8fad27",,"nyn","Nyankole","nyn","","nyn"
"71950910-41a0-40a9-8c48-3ac16773e352",,"nyo","Nyoro","nyo","","nyo"
"dc20e27e-c0ed-4dcd-8bb7-ebf7aa67fb16",,"nzi","Nzima","nzi","","nzi"
"4aad4259-7541-40e3-9954-a36ec49497ce",,"oci","Occitan (post 1500); Provençal","oci","oc","oci"
"0daa9618-b0d8-4363-8790-ece21928e665",,"oji","Ojibwa","oji","oj","oji"
"5b34bd0a-270c-4348-8ab0-a53c938bf90b",,"ori","Oriya","ori","or","ori"
"3b54c94b-e6c5-4072-91c8-bfe383279a9e",,"orm","Oromo","orm","om","orm"
"47071c5a-9f49-4aa1-9a35-49e320b875a2",,"osa","Osage","osa","","osa"
"9b315a1e-f772-4f3f-839c-3fe1f4cb1d67",,"oss","Ossetian; Ossetic","oss","os","oss"
"adf29c75-6b22-4fe0-a0ce-d1c2c8259ead",,"ota","Turkish, Ottoman (1500-1928)","ota","","ota"
"e4326d01-381b-4024-a748-995e26bb0362",,"oto","Otomian languages","oto","","oto"
"e19c2fc4-75d1-4071-92bb-cde6a8b7383e",,"paa","Papuan (Other)","paa","","paa"
"b56ddf7a-975e-4d18-91c4-5952c0f5465e",,"pag","Pangasinan","pag","","pag"
"32c5f396-e6dc-49c3-bba5-79faeacac765",,"pal","Pahlavi","pal","","pal"
"f805e450-16ce-4abc-8e79-c9599238b836",,"pam","Pampanga; Kapampangan","pam","","pam"
"1753ee27-b780-4844-bcb3-bb0d834721aa",,"pan","Panjabi; Punjabi","pan","pa","pan"
"706ce687-ceae-4664-b977-acbcf6a68241",,"pap","Papiamento","pap","","pap"
"e446caca-0588-41f1-8b28-637ee9c8aad2",,"pau","Palauan","pau","","pau"
"8b061029-05a6-4fb4-b630-8a04d69cb54f",,"peo","Persian, Old (ca.600-400 B.C.)","peo","","peo"
"e17273b1-3c4e-4816-91df-c0117cfc2b85",,"per","Persian","per","fa","per"
"5591a708-17c7-40c8-9d2c-d3ad20150e45",,"phi","Philippine (Other)","phi","","phi"
"b5dc41c7-250d-47d3-aa85-7a7c6b880cb8",,"phn","Phoenician","phn","","phn"
"72859b96-61b9-4400-8489-392ceb529b89",,"pli","Pali","pli","pi","pli"
"3fdca387-f1b0-4ec1-808f-1bc3dc482194",,"pol","Polish","pol","pl","pol"
"9a463924-a311-44f3-82e1-88bd4a9e664d",,"pon","Pohnpeian","pon","","pon"
"c2c08339-2405-4d7d-bd25-cbe01fb7ce09",,"por","Portuguese","por","pt","por"
"53fc1b5e-64c4-41ac-8a97-60507a1983fc",,"pra","Prakrit languages","pra","","pra"
"4e826395-2eae-4a2e-8d7d-ba9cbd16e2a3",,"pro","Provençal, Old (to 1500)","pro","","pro"
"cc6f53cb-5b8b-47a3-9faf-ba6dbde58941",,"pus","Pushto","pus","ps","pus"
"aa6d4890-5725-4ac6-bf42-3eb827b24fc9",,"que","Quechua","que","qu","que"
"16aac6c9-cefc-49d6-a8b9-c35f27b68c0d",,"raj","Rajasthani","raj","","raj"
"24d342fe-8800-4284-af6d-7431be07112c",,"rap","Rapanui","rap","","rap"
"8b0a01ec-7c13-4ab8-8fe8-49046a6b1595",,"rar","Rarotongan; Cook Islands Maori","rar","","rar"
"89189a82-18ff-4385-aa92-200b12692760",,"roa","Romance (Other)","roa","","roa"
"04b151e3-c3db-467b-a9ec-f175ab3a52c4",,"roh","Romansh","roh","rm","roh"
"225123e7-aa55-41b4-bf14-ab9ef9fb7795",,"rom","Romany","rom","","rom"
"7b4ab3d4-0575-4038-840d-e15caeeedd66",,"rum","Romanian","rum","ro","rum"
"2af255f1-52bb-41ae-986f-9a6b71e0ddc4",,"run","Rundi","run","rn","run"
"97b1d73a-2f45-4955-b6ee-2047326a8453",,"rup","Aromanian; Arumanian; Macedo-Romanian","rup","","rup"
"64ea9354-cbf8-40de-9f6e-387d24896f50",,"rus","Russian","rus","ru","rus"
"ed2ea195-a502-4835-948a-8fa00ef6930d",,"sad","Sandawe","sad","","sad"
"a9641a51-0502-4798-acc5-2daeb81cc3a2",,"sag","Sango","sag","sg","sag"
"591bb9ab-2e86-4583-b363-cbc8ed70be20",,"sah","Yakut","sah","","sah"
"b40cc17a-b05e-4f7b-a3a1-cbf396b79c5e",,"sai","South American Indian (Other)","sai","","sai"
"5017f3a8-3035-4731-8249-e371ee583142",,"sal","Salishan languages","sal","","sal"
"86dff8de-2732-4b40-82a4-814897ea2714",,"sam","Samaritan Aramaic","sam","","sam"
"e2141d42-40ea-4eb8-87c7-54faa88526d5",,"san","Sanskrit","san","sa","san"
"7e575cba-a1dd-4773-b712-b4dc031554ab",,"sas","Sasak","sas","","sas"
"7527cedc-8a0b-4199-9b0f-da1c98b5884e",,"sat","Santali","sat","","sat"
"531e06fd-798c-4700-afe6-2d8a01c5ec46",,"scc","Serbian","scc","sr","scc"
"47f02bfd-d79c-41a4-be9b-43aa9e278f66",,"scn","Sicilian","scn","","scn"
"5ff32317-1ddb-43f3-b5e2-42a63efb90c7",,"sco","Scots","sco","","sco"
"db9d12b2-ef5a-4756-88f9-b79cd9b64a01",,"scr","Croatian","scr","hr","scr"
"94130a17-38e2-4c60-993a-355fdd9bd8a1",,"sel","Selkup","sel","","sel"
"8331f629-647d-4646-a413-e57c5f7e21a4",,"sem","Semitic (Other)","sem","","sem"
"a70f310b-1922-4d48-991f-b3aa63f30832",,"sga","Irish, Old (to 900)","sga","","sga"
"4bcaa01a-1290-4186-a40e-65978af53031",,"sgn","Sign Languages","sgn","","sgn"
"ebcccf8d-5516-470f-a80c-f74440c000a0",,"shn","Shan","shn","","shn"
"bd7ce28f-6e88-4075-b1b5-2420a94233e6",,"sid","Sidamo","sid","","sid"
"69e1325e-5afb-4ffb-b446-1c9e20bb5ea1",,"sin","Sinhala; Sinhalese","sin","si","sin"
"c5d539de-0c8b-44cd-86e3-965a85a58892",,"sio","Siouan languages","sio","","sio"
"3e1f5c2e-0103-4bfe-8aa6-e6d01c965539",,"sit","Sino-Tibetan (Other)","sit","","sit"
"038ea17e-064a-42f2-9062-fbc679746023",,"sla","Slavic (Other)","sla","","sla"
"b8a83111-4a2f-4ca4-a27c-fc0d75585963",,"slo","Slovak","slo","sk","slo"
"1e50c9f4-4261-465c-a7c7-191ec49596ff",,"slv","Slovenian","slv","sl","slv"
"26f8dcaa-50c5-47b1-b6c3-f2490dd80c78",,"sma","Southern Sami","sma","","sma"
"6b8f25c2-ddb7-4b65-8722-ffbe992cf2ce",,"sme","Northern Sami","sme","se","sme"
"d8968f2e-e383-43d7-913b-d6f35ff9a587",,"smi","Sami languages (Other)","smi","","smi"
"78e9cc09-7f4f-4d3f-91d5-a2062ce91e8b",,"smj","Lule Sami","smj","","smj"
"032dba38-a378-4ab4-a00b-a94fb1020f53",,"smn","Inari Sami","smn","","smn"
"c8f0c497-0328-4a68-b4b5-296da91875a6",,"smo","Samoan","smo","sm","smo"
"12c36e0d-39d1-441c-8b39-87ad034fdf2f",,"sms","Skolt Sami","sms","","sms"
"d42c76ea-e92b-45f0-9e54-430d3519c037",,"sna","Shona","sna","sn","sna"
"1ea8fb85-19c9-48db-9ac6-5f21df1fd4c3",,"snd","Sindhi","snd","sd","snd"
"70c2402e-390b-4b4d-bfd4-582ed08e4af7",,"snk","Soninke","snk","","snk"
"59729403-2378-4697-b390-ac41ecb72380",,"sog","Sogdian","sog","","sog"
"35985d42-51bb-41b7-83a9-58845d499f8b",,"som","Somali","som","so","som"
"9ad544c7-f8d7-4bea-9476-26d982917ec8",,"son","Songhai languages","son","","son"
"fb7e9746-1bc6-4384-802d-7784b8b301fa",,"sot","Sotho, Southern","sot","st","sot"
"511d8125-f5e6-445d-aee2-6327375238be",,"spa","Spanish; Castilian","spa","es","spa"
"f67971e9-49bb-4d85-9bc8-e6a1ea0d950e",,"srd","Sardinian","srd","sc","srd"
"52cc1adb-b715-4a2a-8aaf-8d32fddd3958",,"srn","Sranan Tongo","srn","","srn"
"3234653f-e10d-48a5-ade7-cd628e75fbe8",,"srr","Serer","srr","","srr"
"97e85881-0009-4b4b-a8dc-3c83eddb4440",,"ssa","Nilo-Saharan (Other)","ssa","","ssa"
"b8abe85d-b486-4951-a523-5278bda2aec1",,"ssw","Swati","ssw","ss","ssw"
"63c28016-658e-47dd-88b5-2cd3f4a040bc",,"suk","Sukuma","suk","","suk"
"45c36762-b9e2-4696-8924-500f9e50b198",,"sun","Sundanese","sun","su","sun"
"71923e7c-ee28-4ca9-91ac-5c1a066d3293",,"sus","Susu","sus","","sus"
"ac588be1-1ec3-42ce-b8b5-c71d7519ece7",,"sux","Sumerian","sux","","sux"
"369e7731-be7e-40ef-96e9-3721813441fa",,"swa","Swahili","swa","sw","swa"
"d4541a74-becc-4ba6-874c-510ee0d0a29f",,"swe","Swedish","swe","sv","swe"
"e7d9f5c7-5fe0-424e-9935-ba61a0edf7c1",,"syc","Classical Syriac","syc","","syc"
"9d967232-e64f-44ee-8d18-f254b798d02d",,"syr","Syriac","syr","","syr"
"8aa2fcb2-84fc-4418-87b2-23bf7f0ae783",,"tah","Tahitian","tah","ty","tah"
"fb9c601e-26ea-4944-8925-5dea6feb1a34",,"tai","Tai (Other)","tai","","tai"
"87f48d86-aa28-4080-b9da-186167eb3959",,"tam","Tamil","tam","ta","tam"
"4e184daa-9ee2-4c0e-842d-038f1c0b1280",,"tat","Tatar","tat","tt","tat"
"07dfe9e0-8cbf-44fb-8722-397355b7c247",,"tel","Telugu","tel","te","tel"
"1f763527-0257-4991-b669-214c4c2a972d",,"tem","Timne","tem","","tem"
"10b3b191-20bd-4f6b-818f-068c70fc6d8b",,"ter","Tereno","ter","","ter"
"fe362c53-8790-4bdf-9372-eb0e90e5b4aa",,"tet","Tetum","tet","","tet"
"f75a6211-3022-4600-8053-278c85676f34",,"tgk","Tajik","tgk","tg","tgk"
"ca1e1cc3-ffe7-449e-8077-564b746d8526",,"tgl","Tagalog","tgl","tl","tgl"
"1dd1794d-5868-4224-80c7-d17e0078eca8",,"tha","Thai","tha","th","tha"
"0f6f42da-defe-4c6d-88d5-878339ba80f5",,"tib","Tibetan","tib","bo","tib"
"f7c2ac83-079f-46c8-a2ca-e914e915d5a4",,"tig","Tigre","tig","","tig"
"4c7b08e5-1637-4b59-ad47-9c6a22e21eb1",,"tir","Tigrinya","tir","ti","tir"
"99267f5f-a2cc-4e4a-a0ae-e98c76034781",,"tiv","Tiv","tiv","","tiv"
"f763355e-8b02-4df2-a5f1-9120071c77cd",,"tkl","Tokelau","tkl","","tkl"
"813810e4-96c9-43a5-9114-383506a33b46",,"tlh","Klingon; tlhIngan-Hol","tlh","","tlh"
"02b6e82c-b223-4af3-9ced-eee857094245",,"tli","Tlingit","tli","","tli"
"ce15d514-c62d-4adb-b6f5-0096f9934d58",,"tmh","Tamashek","tmh","","tmh"
"fd8b1e12-cdd0-487c-9f47-9e97711ee37f",,"tog","Tonga (Nyasa)","tog","","tog"
"fb7421ea-d446-410f-8ef2-3cd125256463",,"ton","Tonga (Tonga Islands)","ton","to","ton"
"ec2a7b15-ce28-4465-b1b3-5e045db869d3",,"tpi","Tok Pisin","tpi","","tpi"
"e8661eba-132c-4876-ac37-226db379ce4e",,"tsi","Tsimshian","tsi","","tsi"
"8b589844-cd06-47f6-88cf-b4f8afa4ace7",,"tsn","Tswana","tsn","tn","tsn"
"a49330bb-a505-4778-9d81-251e2d5ee627",,"tso","Tsonga","tso","ts","tso"
"d494cb91-b5df-4f7a-98fd-7257cec13213",,"tuk","Turkmen","tuk","tk","tuk"
"63dc5012-8072-4cb8-81dd-05558ba6679a",,"tum","Tumbuka","tum","","tum"
"73d9c324-fbc2-47b7-a4be-8f0f43485a82",,"tup","Tupi languages","tup","","tup"
"ecf81f98-177d-49a6-ad0f-f6d89944c76b",,"tur","Turkish","tur","tr","tur"
"668645f4-f35f-4d1a-8343-cec4bc9d54b6",,"tut","Altaic (Other)","tut","","tut"
"28b0d5f1-d82b-4dc1-a778-f58331f48b3b",,"tvl","Tuvalu","tvl","","tvl"
"4fddcfa6-7b46-45ca-a20f-eb406f89eaae",,"twi","Twi","twi","tw","twi"
"c3017b5f-b1e0-4c8e-ad92-a92227f0230f",,"tyv","Tuvinian","tyv","","tyv"
"e8e3a155-5306-4f71-898f-07eda08ed975",,"udm","Udmurt","udm","","udm"
"05ce99f2-2c2f-4ee4-b471-32f3afda2afc",,"uga","Ugaritic","uga","","uga"
"55f1b4e0-fd9d-4849-a11c-5262b2e91a87",,"uig","Uighur; Uyghur","uig","ug","uig"
"09c912c2-06e0-45d5-911c-302447e24baa",,"ukr","Ukrainian","ukr","uk","ukr"
"5b96e532-8fc7-418e-a051-887b857e93c0",,"umb","Umbundu","umb","","umb"
"643df0b5-5c66-4c27-b5bb-a4f4b170c8c9",,"und","Undetermined","und","","und"
"4441b4e1-382c-4a1e-86a4-aba93d20f6f3",,"urd","Urdu","urd","ur","urd"
"0cb43888-e619-4e80-9beb-190884d50ea7",,"uzb","Uzbek","uzb","uz","uzb"
"b2dd63be-9247-44ad-bf12-61c1f7066c46",,"vai","Vai","vai","","vai"
"246fff28-776c-4ef3-a163-f43eb28cc348",,"ven","Venda","ven","ve","ven"
"98468d65-43d7-41fc-b4b0-e1d1aacff950",,"vie","Vietnamese","vie","vi","vie"
"b7b756db-fec1-4fea-8b5d-75cadb3e5590",,"vol","Volapük","vol","vo","vol"
"ba70c6aa-0d9f-4bae-b2a2-afca2c33bcb1",,"vot","Votic","vot","","vot"
"0107ae7d-d244-4352-ba4d-d2969c55d17e",,"wak","Wakashan languages","wak","","wak"
"ddaa93d0-3ad1-47f2-920d-c07120c96950",,"wal","Walamo","wal","","wal"
"40af687c-7706-459b-aa86-d4a5d7d27a14",,"war","Waray","war","","war"
"28a0ebd6-d0d4-41d7-a1e8-fd006141076f",,"was","Washo","was","","was"
"c30ccf66-224c-4d65-8cde-77ea91df433c",,"wel","Welsh","wel","cy","wel"
"a5c36bf0-26b6-4474-9bd7-4867c38ab047",,"wen","Sorbian languages","wen","","wen"
"0d21e928-75d8-4eef-a5dd-8ef53b93a1aa",,"wln","Walloon","wln","wa","wln"
"f0e386ec-b0c5-4d57-bff9-e9b6c72b3122",,"wol","Wolof","wol","wo","wol"
"9ed0f57a-5af3-433a-bf38-808e2cf4103b",,"xal","Kalmyk; Oirat","xal","","xal"
"26fb67ac-42d8-4aa7-a8c6-47aaf827d7d7",,"xho","Xhosa","xho","xh","xho"
"86521056-865a-4cc4-9eeb-fbce391a20b9",,"yao","Yao","yao","","yao"
"82624381-8969-4d4b-a0d3-802d84dbc5b0",,"yap","Yapese","yap","","yap"
"04d495dc-449d-46b8-9cca-b108756773c0",,"yid","Yiddish","yid","yi","yid"
"e7a347b4-a38c-4c67-87aa-89db702d9b1b",,"yor","Yoruba","yor","yo","yor"
"2bf7a818-8b18-4693-91d0-6aa87808de79",,"ypk","Yupik languages","ypk","","ypk"
"b1d7880d-b45d-436b-8459-805089763b14",,"zap","Zapotec","zap","","zap"
"fe08a3f9-256c-4eb8-849f-867682d243d1",,"zbl","Blissymbols; Blissymbolics; Bliss","zbl","","zbl"
"595607e2-b8fc-4edc-8185-0e7b23491473",,"zen","Zenaga","zen","","zen"
"efc8cc48-268c-4083-93cd-c8cf282c83b6",,"zha","Zhuang; Chuang","zha","za","zha"
"0ba49b92-7d15-48de-a1de-74e3170b2da7",,"znd","Zande languages","znd","","znd"
"1f8d4fcb-e888-4ac6-8113-63fe7ea77180",,"zul","Zulu","zul","zu","zul"
"d8ce3c47-243b-4a09-835b-01918829a2e7",,"zun","Zuni","zun","","zun"
"fb85de23-0e3c-4042-b56b-71ec3c7566cf",,"zxx","No linguistic content","zxx","","zxx"
"e4bf2ec8-4c1a-4ece-9df1-4890a7f18457",,"zza","Zaza; Dimili; Dimli; Kirdki; Kirmanjki; Zazaki","zza","","zza"
