	Empire
	Domain
	Super Kingdom
	Kingdom
	Subkingdom
	Infrakingdom
	Superphylum
	Phylum
	Subphylum
	Infraphylum
	Superdivision
	Division
	Subdivision
	Infradivision
	Superclass
	Class
	Subclass
	Infraclass
	Superorder
	Order
	Suborder
	Infraorder
	Superfamily
	Family
	Subfamily
	Infrafamily
	Supertribe
	Tribe
	Subtribe
	Infratribe
	Suprageneric Taxon
	Genus
	Subgenus
	Infragenus
	Section
	Subsection
	Series
	Subseries
	Species Aggregate
	Infrageneric Taxon
	Species
	Subspecific Aggregate
	Subspecies
	Infraspecies
	Variety
	Bio Variety
	Patho Variety
	Subvariety
	Subsubvariety
	Convar
	Form
	Special Form
	Subform
	Subsubform
	Infraspecific Taxon
	Candidate
	Denomination Class
	Grex
	Graft Chimaera
	Cultivar Group
	Cultivar